movie.num,movie.year,movie.name,ratio1,ratio2,ratio3,ratio4,ratio5,ratio6
1,2003,Dinosaur Planet,25,30,127,188,130,3.736
25,1997,Inspector Morse 31: Death Is Now My Neighbour,23,10,79,216,172,4.008
49,2003,Devo: The Complete Truth About De-evolution,21,21,44,73,72,3.6666666666666665
97,2002,Mostly Martha,12,22,108,241,117,3.858
121,2003,Beyonce: Live at Wembley,10,8,17,39,25,3.6161616161616164
145,1978,Get Out Your Handkerchiefs,51,68,177,114,45,3.074725274725275
169,2004,Cartoon Network Halloween: 9 Creepy Cartoon Capers,26,43,106,95,65,3.388059701492537
193,2005,Marilyn Manson: Fear of a Satanic Planet,24,24,29,19,25,2.975206611570248
217,1988,Cherry 2000,27,96,202,70,30,2.9529411764705884
265,2002,The Jeff Corwin Experience: Costa Rica and the Amazon,35,44,91,85,53,3.25
289,1998,The Avengers,124,180,130,54,12,2.3
313,2000,Pay It Forward,22,44,127,183,124,3.686
337,1983,Star 80,32,120,221,97,30,2.946
361,2004,The Phantom of the Opera: Special Edition,23,60,127,150,140,3.648
385,2002,The Santa Clause 2,11,45,150,189,105,3.664
409,1966,Godzilla vs. The Sea Monster,21,57,142,110,117,3.548098434004474
433,1993,Untamed Heart,9,57,186,152,96,3.538
457,2004,Kill Bill: Vol. 2,23,29,96,174,178,3.91
481,2002,Building the Great Pyramid,37,59,146,96,38,3.103723404255319
505,1997,A Thousand Acres,23,77,230,131,39,3.172
529,1998,Summer of the Monkeys,34,56,170,156,73,3.3640081799591
553,1995,Rangeela,68,70,137,146,79,3.196
577,1961,The Twilight Zone: Vol. 36,17,14,65,176,228,4.168
601,1992,The Smiths: The Complete Picture,48,50,115,110,83,3.3201970443349755
625,1999,Underground Comedy Movie,358,81,31,14,16,1.498
649,1999,Ricky Martin: The Ricky Martin Video Collection,19,11,20,10,20,3.0125
673,1999,Fight Club: Bonus Material,46,44,87,156,167,3.708
697,2000,Caillou: Caillou's Treasure Hunt and Other Adventures,38,7,55,75,34,3.287081339712919
721,1994,Royal Deceit,60,120,114,35,14,2.4839650145772594
745,1979,Fantasy Mission Force,38,37,17,9,12,2.2920353982300883
793,2004,By Brakhage: An Anthology,22,20,58,48,59,3.4927536231884058
817,1980,My Bodyguard,9,28,201,199,63,3.558
841,1994,There Goes My Baby,12,32,68,26,12,2.96
865,2005,Elvis by the Presleys,19,15,56,80,85,3.772549019607843
889,2004,Reno 911: Season 2,28,28,76,156,212,3.992
913,1979,Dead Kennedys: In God We Trust. Inc.,17,22,46,47,36,3.375
937,1998,Fallen,11,23,141,229,96,3.752
985,1999,The Mummy,23,34,139,173,131,3.71
1009,1997,Judaai,13,29,49,23,13,2.952755905511811
1033,1999,Spy Games,76,133,196,77,18,2.656
1057,1989,Doctor Who: Ghost Light,16,21,49,42,50,3.5
1081,2002,Back by Midnight,24,52,73,16,12,2.6610169491525424
1105,1993,RoboCop 3,50,103,188,96,63,3.038
1177,2004,Essential Music Videos: Totally 80s,51,30,26,5,10,2.122950819672131
1201,1991,True Colors,15,75,234,134,42,3.226
1225,2000,Jim Breuer: Heavy Metal Comedy,63,85,155,114,79,3.122983870967742
1249,1978,Taxi: Season 1,21,44,125,192,118,3.684
1273,1999,The Thrill Seekers,50,107,145,74,18,2.753807106598985
1297,1999,Agnes Browne,31,50,180,165,74,3.402
1321,2005,Midori Days,16,4,22,72,77,3.994764397905759
1345,1996,Tierra,18,27,40,34,11,2.9461538461538463
1369,1996,Breeders,67,67,33,12,9,2.0904255319148937
1393,1998,Mr. Murder,31,64,96,39,15,2.76734693877551
1417,2002,Shakedown,35,51,34,5,2,2.1181102362204722
1441,1998,Stargate SG-1: Season 2,27,14,46,112,301,4.292
1465,2001,Hysteria: The Def Leppard Story,21,20,78,47,50,3.3935185185185186
1489,2002,American Adobo,58,115,190,83,33,2.8288100208768268
1513,1962,The Twilight Zone: Vol. 42,13,14,68,177,228,4.186
1537,2002,Yes Nurse! No Nurse!,24,29,41,29,21,2.9583333333333335
1561,2003,American Wedding,20,69,159,152,100,3.486
1585,2001,Joy Ride,23,54,191,174,58,3.38
1609,1984,Hunter: Season 1,27,22,85,54,46,3.299145299145299
1633,1988,The Serpent and the Rainbow,18,59,186,161,76,3.436
1657,1995,Forbidden Games,48,55,52,20,12,2.427807486631016
1681,2003,The Tesseract,45,61,68,28,12,2.5373831775700935
1705,2004,Agatha Christie's Marple: Series 1,25,21,47,99,77,3.676579925650558
1729,1999,Roughnecks: The Starship Troopers Chronicles: The Zephyr Campaign,54,45,122,158,121,3.494
1753,2004,Making Marines,12,11,32,33,28,3.4655172413793105
1777,1992,Tito and Me,30,51,134,111,38,3.208791208791209
1801,1965,That Darn Cat,16,33,157,189,105,3.668
1849,2002,Michael Colyar: The Michael Colyar Project,18,19,42,31,23,3.1654135338345863
1873,1999,A Voice from Heaven,33,18,30,18,12,2.6216216216216215
1897,1998,Route 9,23,25,53,18,4,2.6341463414634148
1921,2001,One Week,28,48,86,51,31,3.0368852459016393
1945,2001,From Hell: Bonus Material,57,80,174,119,70,3.13
1993,1994,The Night and the Moment,41,54,39,9,5,2.2094594594594597
2017,1991,The People Under the Stairs,14,57,179,158,92,3.514
2041,1998,Silent Mobius: Vol. 2,19,14,21,38,21,3.247787610619469
2065,2001,I Love Budapest,26,25,23,4,5,2.2409638554216866
2089,2001,Strawberry Eggs (I My Me!),20,19,38,106,102,3.880701754385965
2113,2000,Air Bud: World Pup,64,79,173,110,74,3.102
2137,1997,Excess Baggage,47,125,220,90,18,2.814
2161,1993,Six Degrees of Separation,15,57,154,197,77,3.528
2185,2002,Great North: IMAX,24,30,82,41,14,2.9528795811518322
2209,1981,On Golden Pond,20,29,124,203,124,3.764
2233,2002,Dracula's Curse,51,51,31,6,2,1.9858156028368794
2257,1967,The Shooting,20,30,45,14,11,2.716666666666667
2281,1999,Midnight Dancers,63,70,88,27,16,2.481060606060606
2305,2005,The Man Who Copied,23,25,84,95,39,3.3834586466165413
2329,2004,Control Room,15,41,143,200,101,3.662
2353,2004,Fly Jefferson Airplane,11,1,41,37,29,3.6050420168067228
2377,1983,Princess Daisy,24,42,51,24,10,2.6953642384105962
2401,2000,The Pornographer,120,131,86,33,10,2.163157894736842
2425,1998,The Swan Princess: Mystery of the Enchanted Treasure,18,23,72,47,32,3.2708333333333335
2473,1983,The Osterman Weekend,44,104,227,103,22,2.91
2497,1992,The Tune,24,28,57,49,22,3.0944444444444446
2521,1988,Punchline,46,151,208,76,19,2.742
2545,1978,Avalanche,34,41,33,12,6,2.3253968253968256
2569,2002,Washington Heights,56,112,146,56,12,2.6230366492146597
2617,2002,Ghost Ship,45,87,202,121,45,3.068
2641,1977,The Sentinel,47,95,221,93,44,2.984
2665,1998,Midsomer Murders: Faithful Unto Death,18,9,77,217,179,4.06
2689,2002,Minority Report: Bonus Material,45,67,191,140,57,3.194
2737,1981,Saturday the 14th,96,142,168,69,25,2.57
2761,1999,The Beatles: Celebration,27,22,24,5,16,2.5851063829787235
2785,2003,Inhabited,25,35,33,10,5,2.3981481481481484
2809,2005,Beauty Shop,14,37,175,173,101,3.62
2833,2004,Blue's Clues: Blue's Room Snacktime Playdate,31,14,40,68,57,3.5047619047619047
2857,1965,The Spy Who Came In from the Cold,9,30,143,219,99,3.738
2881,2002,Zig Zag: Special Edition,67,128,184,81,40,2.798
2905,1998,Croupier,17,50,166,206,61,3.488
2929,2003,Visitors,39,78,73,25,6,2.4615384615384617
2953,1987,Moonstruck,16,45,159,178,102,3.61
2977,2002,Teknolust,211,152,80,41,16,1.998
3001,2003,Last of the Mississippi Jukes,11,12,48,34,16,3.2644628099173554
3025,2000,Ah! My Goddess: The Movie,25,26,86,166,197,3.968
3049,1976,At the Earth's Core,33,73,138,62,26,2.924698795180723
3073,1997,Ballykissangel: Series 2,36,27,59,158,220,3.998
3097,2001,Crash Course,17,18,42,14,7,2.7551020408163267
3145,1993,Lost in Yonkers,16,62,207,153,62,3.366
3169,1994,DNA2,30,43,85,105,67,3.412121212121212
3193,2000,Peach/ A Bitter Song/ Lavendar Limelight,73,51,29,5,6,1.9024390243902438
3217,1991,Robin Hood,33,79,242,120,26,3.054
3241,1999,Suze Orman: The Courage to be Rich,24,32,95,41,40,3.1767241379310347
3265,1990,The Grifters,15,54,182,174,75,3.48
3289,2001,My Louisiana Sky,34,56,187,156,67,3.332
3313,1999,The Substitute/The Substitute 3,97,116,191,67,29,2.63
3337,2004,Monster Island,48,62,36,5,7,2.1202531645569622
3361,2002,Hairdo U,60,37,17,7,10,2.0076335877862594
3385,2002,28 Days Later,27,67,156,169,81,3.42
3409,1998,The Grand: Series Two,25,12,30,26,23,3.086206896551724
3433,1992,Forever Young,14,55,203,160,68,3.426
3481,1999,Ravenous,32,94,164,140,70,3.244
3505,2001,Freddy Got Fingered,220,94,89,56,41,2.208
3529,1999,Twin Dragons,31,91,181,128,69,3.226
3577,1999,Escape to Watership Down,24,30,40,19,6,2.6050420168067228
3625,1983,Suburbia,41,72,162,135,90,3.322
3649,1965,Von Ryan's Express,11,36,173,201,79,3.602
3673,1998,Coming Home,40,53,158,179,70,3.372
3697,2002,Proof Positive,71,18,14,5,6,1.7456140350877194
3721,1996,Sacred Silence,56,146,170,96,32,2.804
3745,2001,The First Annual PlanetOut.com Short Movie Awards Highlights,168,156,125,29,22,2.162
3769,2004,Wonderfalls: The Complete Series,28,22,64,136,250,4.116
3793,2001,Kaaterskill Falls,51,53,24,13,3,2.0555555555555554
3817,1994,Stargate,14,29,118,180,159,3.882
3841,1996,Tenchi the Movie: Tenchi Muyo! In Love,68,48,110,141,133,3.446
3865,1991,Suburban Commando,143,132,134,66,25,2.396
3889,2005,Assisted Living,66,129,209,80,16,2.702
3913,1968,Dark Shadows: Vol. 6,41,33,88,119,148,3.699300699300699
3937,1974,Butley,52,74,65,38,19,2.588709677419355
3961,2001,Ram Dass: Fierce Grace,36,30,97,197,140,3.75
3985,2002,Crop Circles: Quest for Truth,17,16,42,22,21,3.1186440677966103
4009,1999,Intimate Betrayal,18,50,93,37,20,2.958715596330275
4033,2005,Alias: Season 4,18,19,59,129,275,4.248
4057,2000,Sharks: Great White / Ultimate Guide to Sharks,28,62,147,82,42,3.1329639889196677
4081,1980,Last Flight of Noah's Ark,14,17,50,18,11,2.9545454545454546
4105,2002,Ranma 1/2: Ranma Forever: Vol. 8: Someday Somehow,46,19,86,140,209,3.894
4129,1970,Santa Claus Is Comin' to Town,18,15,64,171,232,4.168
4153,1981,Tarzan. the Ape Man,162,174,120,34,10,2.112
4177,1988,Salaam Bombay!,18,30,89,235,128,3.85
4201,1996,Walking and Talking,51,82,182,133,52,3.106
4225,1999,Life,22,69,201,130,78,3.346
4273,2002,Jack Johnson: The September Sessions,21,42,111,149,133,3.7258771929824563
4297,1998,Eden,22,27,43,13,9,2.6491228070175437
4321,1990,A Better Tomorrow III,45,73,198,97,42,3.0395604395604394
4345,2002,Bowling for Columbine,40,32,95,166,167,3.776
4369,1981,Porky's,35,72,181,150,62,3.264
4393,1994,The Mask: Special Edition,17,60,188,154,81,3.444
4417,2005,Welcome to Mars: Nova,4,4,21,35,19,3.7349397590361444
4441,1996,The Last Supper,22,69,178,160,71,3.378
4465,1998,The Big One,27,27,123,185,138,3.76
4489,1961,Mysterious Island,15,48,187,169,81,3.506
4513,2004,Carly Simon: Live from Martha's Vineyard,13,21,60,62,43,3.507537688442211
4537,1997,Legend of the Wolf,32,34,49,25,10,2.6466666666666665
4561,1999,Everybody Loves Raymond: Season 4,45,26,68,146,215,3.92
4609,1967,Bob Dylan: Don't Look Back,36,45,119,173,127,3.62
4633,1982,Gandhi,6,12,83,179,220,4.19
4657,2004,Comfort and Joy,25,27,110,104,44,3.370967741935484
4681,1998,Orphans,83,109,178,101,29,2.768
4705,1987,Overboard,14,40,189,169,88,3.554
4729,1967,Ulysses,20,33,43,35,11,2.887323943661972
4753,2003,Cabin Fever,95,160,148,71,26,2.546
4777,1983,Videodrome,41,79,160,149,71,3.26
4801,2003,Darkness Falls,41,97,180,128,54,3.114
4825,1985,Brazil: The Love Conquers All Version,82,69,118,133,98,3.192
4849,1981,Taps,5,26,168,214,87,3.704
4873,1968,The Doris Day Show: Season 1,30,10,25,15,14,2.7127659574468086
4897,1961,Nikki: Wild Dog of the North,41,59,182,114,55,3.1840354767184036
4921,1995,Megaman: Battle for the Future,33,22,45,21,33,2.9935064935064934
4945,1973,5 Films About Christo & Jeanne-Claude,17,10,39,67,42,3.611428571428571
4969,1981,The Flame Trees of Thika,17,10,47,66,47,3.620320855614973
4993,2004,Chicago with Earth Wind & Fire: Live at the Greek Theatre,15,13,44,46,44,3.5617283950617282
5017,1963,A New Kind of Love,19,46,90,42,26,3.0448430493273544
5041,1998,Clay Pigeons,14,58,180,171,77,3.478
5089,2002,Fushigi Yugi: The Mysterious Play: Eikoden,18,13,34,58,76,3.809045226130653
5113,1985,Subway,72,118,179,94,37,2.812
5137,1985,Out of Africa,14,40,157,170,119,3.68
5161,2005,Pride FC: Body Blow,7,1,6,22,12,3.6458333333333335
5185,2004,Shadow of Fear,39,120,253,77,11,2.802
5209,1997,Dein Perry's: Tap Dogs,20,14,35,31,27,3.2440944881889764
5233,2004,Alien 3000,111,58,28,4,7,1.7403846153846154
5257,2003,The Secret Lives of Dentists,52,102,196,125,25,2.938
5281,2004,Paranoia 1.0,123,82,54,14,9,1.950354609929078
5305,1993,Judgment Night,28,72,196,140,64,3.28
5329,2005,The Dream of Sparrows: Iraq Eye Group: Vol. 1,11,16,27,11,9,2.8783783783783785
5353,1970,Zatoichi Meets Yojimbo,12,17,73,106,71,3.7419354838709675
5377,1998,Lateline: The Complete Series,45,27,44,38,20,2.7758620689655173
5401,2004,Dodgeball: A True Underdog Story,26,72,186,137,79,3.342
5425,1999,Best Laid Plans,38,96,223,117,26,2.994
5449,2004,Ab Tak Chhappan,14,23,45,128,46,3.66015625
5473,1969,The Undefeated,22,26,174,179,99,3.614
5521,1988,Stealing Home,26,50,193,147,84,3.426
5545,2002,Bad Company,21,62,214,157,46,3.29
5593,1999,Durango Kids,19,28,63,33,12,2.9419354838709677
5617,2000,Hanging Up,59,141,191,81,28,2.756
5641,1995,Voodoo,31,28,41,7,5,2.3482142857142856
5665,1987,The Secret of My Success,11,50,189,187,63,3.482
5689,1982,Forced Vengeance,17,18,68,28,16,3.054421768707483
5713,2000,Backlash,31,52,75,20,6,2.5543478260869565
5737,1999,Two Ninas,39,97,214,110,36,3.0141129032258065
5761,2001,Dawson's Creek: Season 5,51,33,76,104,236,3.882
5785,2000,The Cars: Live,24,39,72,38,25,3.005050505050505
5809,1988,Eight Men Out,8,25,160,230,77,3.686
5833,1968,Bandolero!,13,38,155,91,30,3.2660550458715596
5857,1992,Citizen Cohn,25,66,197,168,44,3.28
5881,2001,Lagaan,31,45,119,183,122,3.64
5905,1998,The Worst Witch: Miss Cackle's Birthday Surprise,19,16,40,20,22,3.0854700854700856
5929,2004,Willie Nelson: Live at Billy Bob's Texas,13,17,30,28,18,3.19811320754717
5953,2001,The Middle Passage,19,19,28,11,18,2.8947368421052633
5977,1998,Why Do Fools Fall in Love,22,71,186,134,87,3.386
6001,1992,Tom and Jerry: The Movie,56,74,172,121,77,3.178
6025,2002,Benjamin Franklin,20,31,94,209,146,3.86
6049,2002,Azumanga Daioh,35,33,61,129,242,4.02
6073,1996,Bulletproof,24,77,202,149,48,3.24
6097,2002,Blushing Bloopers,43,32,22,3,5,2.0
6121,2002,Kirby: Kirby Comes to Cappytown,35,17,40,25,33,3.026666666666667
6145,1999,The King of Masks,20,18,79,235,148,3.946
6169,1977,Operation Thunderbolt,37,25,58,65,48,3.2660944206008584
6193,1991,Freejack,50,116,194,106,34,2.916
6217,1999,Q: The Movie,24,18,15,3,4,2.140625
6241,1965,Operation Y and Other Shurik's Adventures,14,7,28,47,94,4.052631578947368
6265,1976,Jackson County Jail,19,31,27,10,4,2.4395604395604398
6289,2005,The Perfect Neighbor,64,108,102,32,13,2.4420062695924765
6313,2002,Plan Colombia: Cashing in on the Drug War Failure,12,5,31,24,15,3.2873563218390807
6337,2001,Joe Dirt,32,77,193,139,59,3.232
6361,2001,Traveling to Olympia,107,88,89,40,21,2.36231884057971
6385,1991,Body Chemistry II: Voice of a Stranger,63,52,39,13,11,2.196629213483146
6409,2003,Bulgarian Lovers,38,92,164,145,61,3.198
6433,2003,Barney's Outdoor Fun!,33,15,38,18,5,2.5137614678899083
6481,2000,Beat,64,92,86,53,16,2.5659163987138265
6529,1977,Three's Company: Season 1,58,34,131,140,137,3.528
6577,1998,Roaring Glory Warbirds: Vought F4U Corsair,10,15,32,17,7,2.950617283950617
6601,1999,Above All Else: The Everest Dream,18,27,54,37,12,2.9864864864864864
6625,2002,Lupin the 3rd: The Secret of Twilight Gemini,22,10,33,15,16,2.9270833333333335
6649,2002,Ozzy Osbourne: Live at Budokan,18,14,39,55,37,3.4846625766871164
6673,2004,Godsend,28,109,228,107,28,2.996
6697,1998,Smoke Signals,19,37,150,192,102,3.642
6721,2004,Suspect Zero,26,74,213,151,36,3.194
6745,1991,100 Days,16,23,31,13,5,2.6363636363636362
6769,1987,Jackson Pollock,34,45,143,172,106,3.542
6793,1999,Dilbert: The Complete Series,45,51,137,151,116,3.484
6817,1989,Tour of Duty: Season 2,14,8,39,79,85,3.9466666666666668
6841,2004,MARS Dead or Alive: Nova,9,23,85,115,61,3.6689419795221845
6865,2004,Rave Master,10,15,23,37,50,3.7555555555555555
6889,1992,When the Party's Over,107,165,134,22,14,2.255656108597285
6913,1994,The Defender,24,51,147,182,96,3.55
6937,1996,Spin City: Michael J. Fox: His All-Time Favorites: Vol. 1,32,31,154,179,104,3.584
6961,1997,George of the Jungle,37,86,187,120,70,3.2
6985,1979,Real Life,56,70,150,148,76,3.236
7009,2002,Undercover Brother,40,92,200,126,42,3.076
7033,2004,A Date with Shahrukh,27,33,64,21,26,2.91812865497076
7057,2002,Lord of the Rings: The Two Towers: Extended Edition,1,3,21,85,390,4.72
7081,1991,Cabeza De Vaca,46,53,93,54,29,2.88
7129,2004,Major League Soccer: Greatest Goals 1996-2003,9,16,36,19,13,3.118279569892473
7153,1972,Hanzo the Razor: Sword of Justice,19,41,59,40,26,3.0702702702702704
7177,1996,Palookaville,37,89,207,93,25,2.9556541019955653
7201,2004,Hitman's Code,38,48,38,11,3,2.2246376811594204
7225,1993,Hear No Evil,45,89,267,86,13,2.866
7249,2004,Alfie,46,124,211,98,21,2.848
7273,2004,Mayor of the Sunset Strip,29,65,175,172,59,3.334
7297,1993,Claire of the Moon,83,108,171,95,43,2.814
7321,2001,Fat Girl,75,114,165,113,33,2.83
7345,1991,God of Gamblers II,14,21,85,100,52,3.5698529411764706
7369,2003,Wanda Sykes: Tongue Untied,32,41,131,177,119,3.62
7393,1993,Prime Suspect 3,14,12,53,177,244,4.25
7417,1986,Under the Cherry Moon,135,151,106,56,52,2.478
7441,2003,Perfect Strangers,104,168,136,38,11,2.308533916849015
7465,2004,The Life,231,154,82,23,10,1.854
7489,1998,Portland Street Blues,29,29,44,25,13,2.742857142857143
7513,2003,The Life of David Gale,12,29,102,236,121,3.85
7561,1966,Su Excelencia,26,22,43,43,38,3.261627906976744
7585,1989,Kill Me Again,35,108,248,97,12,2.886
7609,1998,Bear in the Big Blue House: Sleepy Time,59,33,123,151,115,3.4781704781704783
7633,1998,Can't Hardly Wait,23,58,169,181,69,3.43
7657,1999,SpongeBob SquarePants: Tide and Seek,27,14,82,152,225,4.068
7681,2004,Island at War,26,24,85,194,171,3.92
7705,1992,Final Analysis,24,86,221,128,41,3.152
7729,1988,Inspector Wears Skirts,26,21,28,16,3,2.4574468085106385
7753,1983,All Creatures Great and Small: The Specials,20,15,61,181,223,4.144
7777,1997,River Made to Drown In,61,147,175,87,30,2.756
7801,1989,The Abyss: Bonus Material,23,41,112,123,91,3.5589743589743588
7825,2001,Prince Charming,42,79,224,113,42,3.068
7849,1987,Unsolved Mysteries: Ghosts,35,36,103,108,67,3.3896848137535818
7873,2002,The Stalker,68,48,35,9,11,2.1052631578947367
7897,2002,Alanis Morissette: Feast on Scraps,17,15,43,21,13,2.981651376146789
7921,2005,Day of the Dead 2: Contagium,99,79,54,14,3,1.9678714859437751
7945,2001,Pyaar Tune Kya Kiya,10,21,25,12,8,2.8289473684210527
7969,1978,7 Grand Masters,11,14,45,54,23,3.435374149659864
8017,1964,The Munsters: Season 1,21,41,156,142,140,3.678
8041,2002,Rare Birds,48,92,215,107,38,2.99
8065,1988,Lady in White,34,44,133,156,81,3.4598214285714284
8089,1990,My Mother's Castle,17,50,110,195,128,3.734
8113,1994,Sweet Valley High: Season 1,59,35,72,27,32,2.7244444444444444
8137,1968,Lost in Space: Season 3: Vol. 2,23,21,54,69,63,3.5565217391304347
8161,2004,Helter Skelter: Director's Cut,28,82,231,114,45,3.132
8185,2001,Final Fantasy Unlimited,50,75,110,136,129,3.438
8209,2004,Pablo Francisco: Bits and Pieces,35,54,79,151,117,3.5986238532110093
8233,1968,Destroy All Monsters,25,76,172,116,111,3.424
8257,1998,Totally Confused,40,54,61,13,6,2.3735632183908044
8281,1999,World Class Trains,13,22,49,29,14,3.0708661417322833
8305,1997,In Praise of Older Women,13,11,27,6,4,2.622950819672131
8329,1977,Airport '77 / The Concorde: Airport '79: Double Feature,21,66,216,130,67,3.312
8353,1999,The Best of Film Noir,45,72,76,36,16,2.6163265306122447
8377,1999,Felicia's Journey,34,77,198,154,37,3.166
8401,1997,Teenage Catgirls in Heat,69,34,16,15,10,2.048611111111111
8425,2000,Picking Up the Pieces,116,150,147,61,26,2.462
8449,1999,Ratas Ratones Rateros,31,45,84,49,29,3.0
8497,1971,Support Your Local Gunfighter,16,40,159,175,110,3.646
8521,2003,The Flower of Evil,43,124,215,102,16,2.848
8545,2004,Metallica: Some Kind of Monster,22,45,148,195,90,3.572
8569,1994,Swimming with Sharks,27,61,169,179,64,3.384
8593,2000,Mexico City,27,64,81,35,7,2.677570093457944
8617,1989,Red Scorpion,51,91,142,97,86,3.1627408993576016
8641,1998,Hard Rain,26,87,228,142,17,3.074
8665,2001,The Seventh Stream,37,90,200,136,37,3.092
8689,1981,Carbon Copy,29,96,244,94,37,3.028
8713,1976,The Best of Charlie's Angels,65,47,162,98,128,3.354
8761,1995,She Fought Alone,22,38,146,144,100,3.582222222222222
8785,1981,Christiane F.: A True Story,10,12,30,31,15,3.295918367346939
8809,2002,Star Trek: Nemesis,18,69,162,180,71,3.434
8857,1989,Troop Beverly Hills,62,105,161,99,73,3.032
8881,1987,RoboCop,15,52,199,179,55,3.414
8905,2001,Knight Hunters,49,73,122,115,109,3.3461538461538463
8929,2003,Winsor McCay: The Master Edition,20,26,56,43,13,3.018987341772152
8953,2003,MTV Video Music Awards Collection: Rock,22,34,27,7,23,2.7787610619469025
9025,1993,City Hunter,71,84,151,108,86,3.108
9049,1997,Boogie Nights,9,47,166,182,96,3.618
9073,2002,Dawg,92,135,186,70,17,2.57
9097,1986,Gung Ho,16,63,214,155,52,3.328
9145,2005,Alicia Keys: Unplugged,18,8,14,40,47,3.7086614173228347
9169,1966,A Funny Thing Happened on the Way to the Forum,16,61,160,153,110,3.56
9193,1992,George Carlin: Doin' It Again,26,16,92,139,147,3.869047619047619
9217,1981,Cheech & Chong's Nice Dreams,32,67,157,132,112,3.45
9241,2000,Before Night Falls,25,51,137,186,101,3.574
9265,1992,Batman Returns,9,57,205,178,51,3.41
9289,2003,The Five Obstructions,55,50,102,169,124,3.514
9313,2000,The Elite,27,33,38,10,8,2.4741379310344827
9337,1979,Three's Company: Season 4,32,32,99,165,172,3.826
9361,2001,Second to Die,31,41,49,11,4,2.3823529411764706
9385,1996,Legend of Crystania: The Chaos Ring,20,17,49,20,11,2.871794871794872
9409,1970,Isle of Wight Festival: Message to Love: 1970,25,44,121,79,37,3.19281045751634
9433,1971,Fiddler on the Roof,14,23,89,187,187,4.02
9457,2004,Wacky Races: The Complete Series,26,10,30,44,23,3.210526315789474
9481,1972,Deliverance,11,27,146,216,100,3.734
9505,1997,Insomnia,16,67,190,167,60,3.376
9529,2003,National Lampoon's Christmas Vacation 2: Cousin Eddie's Island Adventure,195,170,92,23,20,2.006
9553,2002,And Now ... Ladies and Gentlemen,80,134,176,86,24,2.68
9577,1990,Jeeves and Wooster: Season 4,31,27,75,142,225,4.006
9601,1997,The Wedding Party,33,70,85,24,4,2.5185185185185186
9649,2004,Ramones: Raw,32,33,110,85,70,3.3878787878787877
9673,2001,The Weight of Water,29,121,235,93,22,2.916
9697,2001,Love in a Cold Climate,12,19,39,30,23,3.268292682926829
9721,1995,Bloodfist 8: Hard Way Out,30,28,26,13,9,2.4622641509433962
9745,2001,Deuces Wild,44,129,198,93,36,2.896
9769,2001,Dead in the Water,55,111,112,37,12,2.510703363914373
9793,2005,Vaada,14,28,54,36,18,3.1066666666666665
9817,1974,Juggernaut,19,41,143,61,19,3.070671378091873
9841,2003,The Order,79,123,187,86,25,2.71
9865,2003,Miracles: The Complete Series,30,11,61,88,62,3.5595238095238093
9889,1987,Heat,32,77,178,113,68,3.230769230769231
9913,2003,The Animatrix,24,54,147,175,100,3.546
9937,1983,Knight Rider: Season 2,45,37,129,130,159,3.642
9961,2001,Monty Python Live!,15,13,77,179,216,4.136
9985,1996,Foxfire,31,76,188,134,71,3.276
10009,2000,All My Loved Ones,13,18,50,41,23,3.296551724137931
10033,1991,Teenage Mutant Ninja Turtles II: The Secret of the Ooze,53,99,149,124,75,3.138
10057,1996,The Titanic (Documentary),61,84,184,123,48,3.026
10081,2004,Reconstruction: The Second Civil War: American Experience,15,11,63,85,25,3.472361809045226
10105,1987,The Big Easy,5,38,191,202,64,3.564
10129,2002,Paper Soldiers,57,96,149,77,55,2.947004608294931
10153,1999,The Adventures of Sebastian Cole,52,76,185,136,51,3.116
10177,1985,Wetherby,36,62,71,28,7,2.549019607843137
10201,2003,Colosseum: A Gladiator's Story,8,14,48,48,30,3.527027027027027
10225,1993,Groundhog Day,10,18,105,225,142,3.942
10249,1988,Stormy Monday,58,124,190,76,16,2.7155172413793105
10297,1998,Fifteen & Pregnant,21,54,190,149,86,3.45
10321,1975,Upstairs Downstairs: Season 5,31,19,44,142,264,4.178
10345,1965,Cat Ballou,11,46,160,179,104,3.638
10369,1972,Upstairs Downstairs: Season 2,31,23,49,164,233,4.09
10393,2000,Just One Time,42,98,167,147,46,3.114
10417,2000,Jesus,63,38,119,145,135,3.502
10441,2004,Fred Rogers: America's Favorite Neighbor,20,8,40,30,48,3.5342465753424657
10465,2002,Bruce Springsteen and The E Street Band: Live in Barcelona,41,27,75,138,179,3.841304347826087
10513,2001,La Repetition,57,84,112,42,7,2.5298013245033113
10537,2001,America: A Tribute to Heroes,63,54,147,133,103,3.318
10561,2005,Ice Princess,6,33,161,185,115,3.74
10585,1998,Duplicate,38,51,67,43,20,2.7990867579908674
10609,1978,Best of The Muppet Show: Harry Belafonte / Linda Ronstadt / John Denver,13,22,92,196,177,4.004
10633,2003,It Runs in the Family,52,141,228,65,14,2.696
10657,2000,Joe Gould's Secret,51,115,183,124,27,2.922
10681,2000,Flickering Lights,16,28,45,38,15,3.056338028169014
10705,1998,The Cheap Killers,28,22,27,7,5,2.3146067415730336
10729,1985,Ran,19,21,87,171,202,4.032
10753,1999,Invisible Mom 2,16,25,36,14,10,2.772277227722772
10777,1999,Battle Athletes Victory: Vol. 3: Tragedy & Triumph,57,20,60,91,89,3.4258675078864353
10801,1999,The Best of the Andy Williams Show,41,24,53,44,26,2.9468085106382977
10825,1993,Red Dwarf: Series 6,32,7,40,133,288,4.276
10849,1992,The Iceman: Confessions of a Mafia Hitman,37,70,176,140,77,3.3
10873,2004,A Different Loyalty,47,125,124,32,6,2.4760479041916166
10897,1978,Don,20,24,66,107,68,3.6280701754385967
10921,2003,Just Married,37,111,192,119,41,3.032
10945,1997,The Land Before Time V: The Mysterious Island,22,25,93,184,176,3.934
10993,2000,Boys Life 3,62,121,180,94,43,2.87
11017,1965,Father of a Soldier,22,17,28,33,32,3.272727272727273
11041,2003,The Weather,17,21,70,65,49,3.4864864864864864
11065,1994,A Low Down Dirty Shame,31,84,184,125,76,3.262
11089,2001,Monsters. Inc.,5,11,77,171,236,4.244
11113,1999,Jesus and the Shroud of Turin,18,15,41,72,70,3.7453703703703702
11137,1996,Bogus,41,77,205,120,57,3.15
11161,2000,The Next Best Thing,72,120,179,98,31,2.792
11209,1983,Risky Business,6,23,166,218,87,3.714
11233,1975,Baretta: Season 1,30,29,69,36,16,2.8833333333333333
11257,1996,Original Gangstas,73,96,141,69,34,2.7457627118644066
11305,2002,Queen: Greatest Video Hits 1,14,18,45,84,62,3.726457399103139
11329,2001,Stripped,124,135,85,21,13,2.111111111111111
11353,1999,Indigo Girls: Live at the Fillmore. Denver,23,29,60,45,38,3.235897435897436
11377,2001,Chilly Dogs,39,47,84,39,18,2.7797356828193833
11401,1999,The Thirteenth Floor,19,58,192,177,54,3.378
11425,2003,The Big Empty,61,108,220,91,20,2.802
11473,1996,The Sorcerer Hunters,53,61,118,126,103,3.3579175704989153
11497,1998,Outrage,26,43,74,24,10,2.711864406779661
11521,2002,Lord of the Rings: The Two Towers,9,9,37,113,332,4.5
11545,2001,The Blair Thumb,31,19,28,16,18,2.7410714285714284
11569,2004,The Hee Haw Collection: Vol. 3,46,36,90,46,48,3.0526315789473686
11593,1995,Tom and Huck,17,49,202,159,73,3.444
11617,1993,Green Snake,48,85,127,65,26,2.8176638176638176
11641,1994,My So-Called Life,11,24,54,123,288,4.306
11665,1999,Hide and Seek,41,68,169,127,95,3.334
11689,1980,Ffolkes,13,16,46,20,7,2.9215686274509802
11713,1999,Dark Shadows,54,74,123,94,103,3.263392857142857
11737,1987,Mr. Vampire 3,21,19,48,28,18,3.0223880597014925
11761,2000,Orfeu,27,25,45,45,13,2.9483870967741934
11785,1980,Pride and Prejudice,22,39,122,159,158,3.784
11809,1996,Bob Hope: Hollywood's Brightest Star,11,9,33,12,15,3.1375
11833,1997,All Over Me,29,57,143,112,58,3.2832080200501252
11857,2000,The Man Show: Season 2,58,22,84,142,194,3.784
11881,1993,For Love or Money,5,42,211,186,56,3.492
11905,2002,Sam & Janet,25,44,56,27,9,2.6956521739130435
11929,1997,Anaconda,71,147,180,64,38,2.702
11953,2001,The Duplicate,40,34,21,4,4,2.0097087378640777
11977,2002,The Dead Zone,10,32,127,179,152,3.862
12001,1995,El Callejon De Los Milagros,20,32,129,145,51,3.4641909814323606
12025,1994,That's Entertainment 3,21,23,123,164,117,3.7433035714285716
12049,1995,John Denver: Wildlife Concert,52,22,88,119,101,3.5104712041884816
12073,2001,Rain,68,149,146,98,39,2.782
12097,1988,Without a Clue,34,58,179,168,61,3.328
12121,2000,Pretty Devils,25,123,235,97,20,2.928
12145,1981,Absence of Malice,11,20,155,244,70,3.684
12169,2000,Duets,43,94,216,110,37,3.008
12193,2002,The Fabulous '50s,24,33,105,76,38,3.2572463768115942
12217,1994,One Arm Hero,20,9,32,8,3,2.513888888888889
12241,2003,Family Reunion,63,39,26,7,9,2.0277777777777777
12265,1978,The Challenge of the Superfriends: Season 1,22,33,136,148,161,3.786
12289,1998,Kareeb,20,18,34,7,5,2.511904761904762
12313,1973,The Mack,44,63,130,140,123,3.47
12337,1972,Slaughterhouse Five,17,48,167,185,83,3.538
12385,1995,The Autopsy Files,13,41,92,84,52,3.4290780141843973
12409,2005,Today You Die,58,112,197,100,33,2.876
12433,1961,Mr. Sardonicus,50,91,197,101,44,2.9958592132505175
12457,2002,Bark,23,40,50,20,7,2.6285714285714286
12481,1995,Beyond the Clouds,72,111,180,101,36,2.836
12505,1984,Care Bears: Kingdom of Caring,44,27,124,148,157,3.694
12529,1998,Darkness Falls,42,78,148,122,110,3.36
12553,2000,Legend of Loch Lomond: IMAX,19,31,39,14,6,2.6055045871559632
12577,1962,Beany and Cecil,39,51,66,44,39,2.9707112970711296
12601,2004,Justice League: The Brave and the Bold,16,18,93,196,177,4.0
12625,1984,Boy Meets Girl,39,43,22,12,5,2.1818181818181817
12649,2000,Attraction,62,108,108,28,5,2.3762057877813505
12673,2002,Wisegirls,50,111,206,103,30,2.904
12697,1992,Tropical Rainforest: IMAX,63,108,175,106,48,2.936
12745,1986,River's Edge,20,57,169,190,64,3.442
12793,1987,Alf: Season 2,43,34,123,122,178,3.716
12817,2001,Black River,26,42,66,23,6,2.638036809815951
12841,1973,The Boy in the Plastic Bubble / The Harrad Experiment: Double Feature,27,79,254,100,40,3.094
12865,2001,The Shrink Is In,24,46,126,40,17,2.9209486166007905
12889,1975,Race with the Devil,24,40,102,91,34,3.2439862542955327
12913,1988,Funny Farm,27,58,176,146,93,3.44
12937,1999,Buffy the Vampire Slayer: Season 4,24,9,40,138,289,4.318
12961,2000,Sally Hemings: An American Scandal,10,10,34,24,7,3.0941176470588236
12985,2005,Tom and Jerry: Spotlight Collection: Vol. 2,13,2,22,44,34,3.7304347826086954
13009,2004,Yoga: Step by Step,18,37,100,43,20,3.0458715596330275
13033,2000,Death Row Uncut,75,49,71,34,42,2.7011070110701105
13081,2004,Troy,31,59,134,147,129,3.568
13105,2000,Manilow: Live,45,11,54,97,103,3.6516129032258067
13129,1998,Sex and the City: Season 1,35,29,66,142,228,3.998
13153,2002,Wish You Were Dead,37,50,56,18,5,2.4216867469879517
13177,2002,CSI: Miami: Season 1,30,25,70,157,218,4.016
13201,1993,Deadful Melody,51,63,157,76,48,3.017721518987342
13225,1997,Under Pressure,14,35,62,38,9,2.9556962025316458
13249,2003,The Butterfly,7,10,123,230,130,3.932
13273,2004,House of Flying Daggers,18,47,133,182,120,3.678
13297,2004,Cirque du Soleil: Midnight Sun,18,18,40,28,15,3.033613445378151
13321,2001,Kuch Khatti Kuch Meethi,18,27,36,15,3,2.5757575757575757
13345,1978,Langrishe Go Down,25,57,38,13,6,2.4100719424460433
13369,2002,PRIDE Fighting Championships: Cold Fury 2,12,15,41,46,36,3.526666666666667
13393,1990,Alice,36,58,194,157,55,3.274
13417,1997,Home Alone 3,108,116,148,86,42,2.676
13465,2000,In the Beginning,50,36,84,48,35,2.9288537549407114
13489,2000,Attila,50,79,167,146,58,3.166
13513,1986,No Mercy,27,82,226,130,35,3.128
13537,1967,Otis Redding: Remembering Otis,16,22,59,34,28,3.2264150943396226
13561,2003,Monsieur Ibrahim,3,32,109,245,111,3.858
13585,2001,Downtown 81,52,111,170,97,70,3.044
13609,2000,Clint Eastwood: Out of the Shadows,42,47,174,115,56,3.2211981566820276
13633,1962,Girls! Girls! Girls!,30,52,179,130,109,3.472
13657,1979,Christ Stopped at Eboli,24,24,42,73,32,3.3333333333333335
13681,2001,Surviving Gilligan's Island,67,52,86,49,37,2.783505154639175
13705,1992,Basic Instinct,9,36,172,206,77,3.612
13729,2003,Blue Man Group: The Complex Rock Tour Live,49,65,139,145,102,3.372
13753,2002,Wolves of Wall Street,95,86,41,5,10,1.9409282700421941
13777,1987,Heaven,36,47,40,19,12,2.5064935064935066
13801,1970,Night Gallery: Season 1,23,49,166,162,100,3.534
13825,1988,The Vanishing,14,33,161,200,92,3.646
13849,1998,Trans,33,32,33,20,1,2.361344537815126
13873,2001,The Breed,56,110,196,91,47,2.926
13897,2002,Witch Hunter Robin,9,26,78,174,213,4.112
13921,2002,Searching for Debra Winger,54,79,204,111,52,3.056
13945,2002,The Gatekeeper,33,67,80,30,15,2.6755555555555555
13969,2003,Patricia Routledge in Three Portraits,31,22,46,41,31,3.111111111111111
13993,1993,Babylon 5: The Gathering,22,25,90,157,206,4.0
14017,1999,Batman Beyond: School Dayz / Spellbound,27,24,112,177,160,3.838
14041,2001,Chasing Holden,40,70,55,16,14,2.4564102564102566
14065,1994,Little Big League,37,83,189,136,55,3.178
14089,2004,Mo'Nique: One Night Stand,21,24,74,98,69,3.5944055944055946
14113,2003,Stitch! The Movie,22,43,147,177,111,3.624
14137,1995,Johnny Mnemonic,37,106,179,140,38,3.072
14185,1964,Mary Poppins,7,21,82,170,220,4.15
14209,2000,Pitch Black,14,52,160,187,87,3.562
14233,2002,Dirty Pretty Things,16,48,175,194,67,3.496
14257,1997,The Life of Jesus,18,17,34,11,12,2.8043478260869565
14305,1992,Wild Orchid 2,16,33,48,13,8,2.694915254237288
14329,1996,Occasional Hell,31,84,90,18,7,2.5043478260869567
14377,1998,Home Fries,40,130,212,93,25,2.866
14401,2002,Ranma 1/2: Ranma Forever: Vol. 5: Wretched Rice Cakes of Love,34,24,77,144,221,3.988
14425,1980,Shogun,20,27,92,221,140,3.868
14449,1992,Moody Blues: A Night at Red Rocks,13,6,23,36,26,3.5384615384615383
14497,1998,The Last Don II,42,85,158,115,100,3.292
14521,2001,Roswell: Season 3,30,25,66,130,249,4.086
14545,2004,King Arthur,24,61,148,183,84,3.484
14569,1963,Judy Garland: Live at the London Palladium,9,9,27,22,16,3.325301204819277
14593,1993,My Life,19,47,155,189,90,3.568
14617,1965,The Three Stooges Cartoons,18,15,33,9,20,2.9789473684210526
14641,2003,NFL Films: Ice Bowl / Green Bay Packers History,24,4,22,39,41,3.5307692307692307
14665,1969,Benny Hill: Complete and Unadulterated: The Naughty Early Years: Set 3,14,17,40,20,11,2.9705882352941178
14713,1988,Off Limits,13,26,88,36,7,2.988235294117647
14737,2002,The Sweetest Thing,65,74,153,134,74,3.156
14761,1993,Visions of Light,15,28,118,205,134,3.83
14785,1987,Big Bad Mama 2,47,63,59,19,6,2.350515463917526
14809,1966,Walk. Don't Run,23,53,163,163,98,3.52
14833,1993,Puppetmaster,37,41,48,37,33,2.938775510204082
14857,2002,First Shot,85,106,181,103,25,2.754
14881,2000,Anne of Green Gables: The Continuing Story,30,39,89,175,167,3.82
14905,1978,Soap: Season 2,16,16,83,192,193,4.06
14929,1995,Angela,44,56,57,32,20,2.6555023923444976
14953,1986,Pretty in Pink,10,31,148,196,115,3.75
14977,1984,Streets of Fire,33,82,171,138,76,3.284
15001,2002,Ai Yori Aoshi,33,31,61,136,239,4.034
15025,1999,Seventh Sense,33,57,44,37,14,2.6864864864864866
15049,1988,Red Dwarf: Series 4: Bonus Material,17,10,39,85,100,3.960159362549801
15073,1966,The Avengers '66,36,35,144,169,116,3.588
15097,2003,Blue Citrus Hearts,72,69,64,29,9,2.316872427983539
15121,2003,National Geographic: Surviving West Point,17,33,71,95,34,3.384
15145,2004,With God on Our Side: George W. Bush and the Rise of the Religious Right in America,27,24,75,41,27,3.0876288659793816
15169,1973,One Little Indian,15,14,49,17,10,2.933333333333333
15217,2005,Baki the Grappler,2,2,13,18,45,4.275
15265,1972,Napoleon & Samantha,29,29,100,60,23,3.078838174273859
15289,1970,Joe,61,109,186,120,24,2.874
15313,2004,In Enemy Hands,19,66,213,162,40,3.276
15337,2001,Sound of the Sea,19,37,98,45,19,3.036697247706422
15361,2001,Iris,8,49,172,200,71,3.554
15385,1997,Amistad,17,32,139,194,118,3.728
15409,2004,Eurotrip,26,69,158,155,92,3.436
15433,1992,Bikini Summer 2,31,36,24,8,10,2.3577981651376145
15457,2003,Jeff Foxworthy: You Might Be a Redneck / Check Your Neck,19,31,112,197,141,3.82
15481,2001,See Spot Run,59,82,184,113,62,3.074
15505,1997,Moon Over Broadway,28,42,124,63,29,3.0804195804195804
15529,1997,Money Talks,12,65,198,145,80,3.432
15553,2001,Promises,18,30,80,197,175,3.962
15577,2001,Ski Movie II: High Society,22,30,40,67,36,3.3333333333333335
15601,1996,Gotti,24,77,179,153,67,3.324
15625,2002,Keep the Faith. Baby,21,12,53,52,16,3.1948051948051948
15673,1996,The Italians,25,44,52,27,12,2.73125
15697,1997,Future War,67,30,13,4,5,1.7394957983193278
15721,2004,Krav Maga: Basic Combatives,17,16,55,16,14,2.9491525423728815
15745,1999,The King and I (Animated),54,54,202,111,79,3.214
15769,1987,Raw,8,30,106,183,173,3.966
15793,2005,The Girl Who Shagged Me,145,57,21,5,10,1.6470588235294117
15817,2000,The Corner,49,31,99,155,166,3.716
15841,1979,Watership Down,23,40,153,186,98,3.592
15865,2001,Amelie: Bonus Material,24,60,105,131,180,3.766
15889,2001,I'm Going Home,64,64,71,33,15,2.477732793522267
15913,2003,Chasing Papi,70,143,181,75,31,2.708
15937,1994,Laadla,18,23,18,14,2,2.453333333333333
15961,2002,Dead and Rotting,43,25,22,4,3,1.958762886597938
15985,1978,Same Time. Next Year,14,33,129,197,127,3.78
16009,2002,High Times' Potluck,36,33,58,19,9,2.5612903225806454
16033,1999,Introducing Dorothy Dandridge,17,42,166,177,98,3.594
16057,1964,Combat! Season 3: Operation 1,20,11,25,38,42,3.5220588235294117
16081,1986,Shocked,21,40,39,3,1,2.2596153846153846
16105,2003,Prison a-Go-Go!,80,33,10,7,4,1.671641791044776
16129,2003,Bob the Builder: Building Friendships,78,40,167,127,88,3.214
16153,2000,Big Eden,19,42,131,180,128,3.712
16177,2001,Jump Tomorrow,71,85,164,127,53,3.012
16201,1996,Waiting for Guffman,17,35,121,192,135,3.786
16225,1993,Snapdragon,49,87,82,21,10,2.4216867469879517
16273,2004,Into the Sun,43,122,195,101,39,2.942
16345,1997,Hidden Hollywood,20,39,54,28,13,2.8376623376623376
16369,1978,Little Feat: Rockpalast Live,34,41,74,65,42,3.15625
16393,2000,Pokemon: The Movie 2000,107,68,153,87,85,2.95
16417,2000,Bad Girls from Valley High,58,102,101,43,18,2.5683229813664594
16441,1992,Honey. I Blew Up the Kid,22,68,199,143,68,3.334
16465,1998,Meet Joe Black,33,54,158,156,99,3.468
16489,1987,Unsolved Mysteries: Miracles,21,18,57,24,26,3.1095890410958904
16513,2001,The Sandy Bottom Orchestra,29,44,105,75,27,3.0964285714285715
16537,1989,Grateful Dead: Downhill from Here,85,29,86,119,181,3.564
16561,1996,The Flower of My Secret,16,57,180,184,63,3.442
16585,2003,World Poker Tour: Season 1,24,8,50,42,42,3.4216867469879517
16609,2003,Pretear,27,37,56,144,236,4.05
16633,2004,The Jack Paar Collection,31,24,49,32,23,2.949685534591195
16657,2000,Resurrection Blvd.: Season 1,33,19,35,41,43,3.245614035087719
16681,2000,Juliet in Love,19,27,23,19,6,2.6382978723404253
16705,1994,Fresh,21,45,139,179,116,3.648
16753,1974,Effi Briest,30,39,59,52,25,3.0146341463414634
16777,1994,Guantanamera,37,51,162,184,66,3.382
16801,1996,Dragon Ball Z: Broly's Second Coming,42,35,74,131,218,3.896
16825,1994,Maverick,14,38,171,186,91,3.604
16849,1980,Tommy & Tuppence: Partners in Crime: Set 2,21,15,58,61,42,3.446700507614213
16873,2003,Water's Edge,28,63,107,27,5,2.643478260869565
16897,1962,Panic in Year Zero / The Last Man on Earth: Double Feature,17,9,53,52,23,3.357142857142857
16921,1993,Dangerous Game,21,24,33,12,5,2.536842105263158
16945,1989,The Return of Swamp Thing,134,157,136,43,30,2.356
16969,2001,Donnie Darko,15,35,97,171,182,3.94
16993,2002,The Smashing Machine,35,29,107,196,133,3.726
17017,2002,Big Shot: Confessions of a Campus Bookie,51,109,192,110,38,2.95
17041,1999,Swing: Cal Pozo's Learn to Dance in Minutes,28,33,41,7,5,2.3684210526315788
17065,1992,Forbidden Homework,38,44,23,6,5,2.103448275862069
17089,1960,Secret Agent A.K.A. Danger Man,39,60,146,165,90,3.414
17113,1994,Milk Money,15,70,203,163,49,3.322
17137,2001,Secret Ballot,55,103,170,96,29,2.869757174392936
17161,1987,Cirque du Soleil: Cirque Reinvented,40,63,138,162,97,3.426
17185,2003,Doppelganger,17,52,73,32,11,2.827027027027027
17209,1994,Holy Matrimony,19,50,60,23,2,2.603896103896104
17233,1973,Sex & Fury,14,18,55,28,16,3.1068702290076335
17281,2004,The Clearing,29,96,263,96,16,2.948
17305,2000,Relative Values,44,85,235,109,27,2.98
17329,2001,Alias Betty,31,78,168,181,42,3.25
17353,2002,Scratch: Bonus Material,3,11,28,50,42,3.873134328358209
17377,2000,Louis Armstrong: Satchmo,15,13,47,65,26,3.4457831325301207
17401,1979,The Champ,27,69,189,133,82,3.348
17425,2000,Best of Boys in Love,115,157,130,74,24,2.47
17449,2004,Born Into Brothels,14,25,113,211,137,3.864
17473,2002,Leela,26,38,84,47,18,2.967136150234742
17497,2002,Kurosawa: A Documentary on the Acclaimed Director,20,32,119,215,114,3.742
17521,2000,Neale Donald Walsch: On Abundance and Holistic Living,36,37,39,24,28,2.823170731707317
17545,2003,Heart,32,33,26,10,4,2.2476190476190476
17569,1960,Davey and Goliath: Vol. 1: Collector's Edition,20,9,28,19,18,3.0638297872340425
17593,2001,The Man Show: Season 3,46,21,84,136,213,3.898
17617,1971,Ginger,70,56,38,19,15,2.257575757575758
17641,1994,Homicide: Life on the Street: Season 4,17,21,43,149,270,4.268
17665,1998,Shark Skin Man and Peach Hip Girl,51,52,123,99,62,3.1782945736434107
17689,2000,Kiss: Unauthorized Kiss,29,27,20,10,7,2.3440860215053765
17713,2004,WWE: Summerslam 2004,42,18,77,131,146,3.7753623188405796
17737,1985,Frank Zappa: Does Humor Belong in Music?,23,21,64,99,79,3.664335664335664
17761,2003,Levity,44,108,212,118,18,2.916
